{"trainable_params": 2793866, "total_time": 94.9410183429718, "evaluation_results": [{"epochs": 0.0, "training_time": 0.0, "training_steps": 0, "train_accuracy": 0.1002604141831398, "validation_accuracy": 0.09775640815496445, "test_accuracy": 0.09985977411270142, "predict_time": 1.4851489067077637}, {"epochs": 1.0, "training_time": 13.934000015258789, "training_steps": 156, "train_accuracy": 0.12930689752101898, "validation_accuracy": 0.12409855425357819, "test_accuracy": 0.12720352411270142, "predict_time": 1.4989261627197266}, {"epochs": 4.0, "training_time": 54.625, "training_steps": 625, "train_accuracy": 0.5031049847602844, "validation_accuracy": 0.4876802861690521, "test_accuracy": 0.4852764308452606, "predict_time": 1.4019486904144287}]}