{"trainable_params": 2793866, "total_time": 521.7745189666748, "evaluation_results": [{"epochs": 0.0, "training_time": 0.0, "training_steps": 0, "train_accuracy": 0.10166265815496445, "validation_accuracy": 0.10176282376050949, "test_accuracy": 0.09985977411270142, "predict_time": 1.50335693359375}, {"epochs": 1.0000000000008, "training_time": 13.902000427246094, "training_steps": 156, "train_accuracy": 0.10336538404226303, "validation_accuracy": 0.10096153616905212, "test_accuracy": 0.10266426205635071, "predict_time": 1.449171781539917}, {"epochs": 36.0, "training_time": 482.08001708984375, "training_steps": 5625, "train_accuracy": 0.8787059187889099, "validation_accuracy": 0.8023838400840759, "test_accuracy": 0.8000801205635071, "predict_time": 1.4420342445373535}]}