{
  "trainable_params": 882570,
  "total_time": 40.012240409851074,
  "evaluation_results": [
    {
      "epochs": 0.0,
      "training_time": 0.0,
      "training_steps": 0,
      "train_accuracy": 0.09805689007043839,
      "validation_accuracy": 0.10226362198591232,
      "test_accuracy": 0.10016025602817535,
      "predict_time": 0.7231616973876953
    },
    {
      "epochs": 1.0,
      "training_time": 4.999000072479248,
      "training_steps": 156,
      "train_accuracy": 0.1888020783662796,
      "validation_accuracy": 0.17808493971824646,
      "test_accuracy": 0.1798878163099289,
      "predict_time": 0.6251063346862793
    },
    {
      "epochs": 4.0,
      "training_time": 19.58300018310547,
      "training_steps": 625,
      "train_accuracy": 0.4817708432674408,
      "validation_accuracy": 0.45562902092933655,
      "test_accuracy": 0.4650440812110901,
      "predict_time": 0.6183557510375977
    }
  ]
}