{"trainable_params": 11051402, "total_time": 121.38477849960327, "evaluation_results": [{"epochs": 0.0, "training_time": 0.0, "training_steps": 0, "train_accuracy": 0.10296474397182465, "validation_accuracy": 0.0950520858168602, "test_accuracy": 0.10006009787321091, "predict_time": 1.4735887050628662}, {"epochs": 1.0, "training_time": 19.25, "training_steps": 156, "train_accuracy": 0.10226362198591232, "validation_accuracy": 0.09985977411270142, "test_accuracy": 0.09975961595773697, "predict_time": 1.535919189453125}, {"epochs": 4.0, "training_time": 76.34600067138672, "training_steps": 625, "train_accuracy": 0.7262620329856873, "validation_accuracy": 0.7099359035491943, "test_accuracy": 0.6997195482254028, "predict_time": 1.5043458938598633}]}