{"trainable_params": 10177674, "total_time": 146.54743146896362, "evaluation_results": [{"epochs": 0.0, "training_time": 0.0, "training_steps": 0, "train_accuracy": 0.10306490212678909, "validation_accuracy": 0.09805689007043839, "test_accuracy": 0.10016025602817535, "predict_time": 1.1315016746520996}, {"epochs": 1.0, "training_time": 14.565999984741211, "training_steps": 156, "train_accuracy": 0.25440704822540283, "validation_accuracy": 0.25881409645080566, "test_accuracy": 0.2571113705635071, "predict_time": 1.1209571361541748}, {"epochs": 8.0, "training_time": 114.16999816894531, "training_steps": 1250, "train_accuracy": 0.828125, "validation_accuracy": 0.7947716116905212, "test_accuracy": 0.7905648946762085, "predict_time": 1.0200634002685547}]}