{"trainable_params": 882570, "total_time": 42.10700964927673, "evaluation_results": [{"epochs": 0.0, "training_time": 0.0, "training_steps": 0, "train_accuracy": 0.09885817021131516, "validation_accuracy": 0.10316506773233414, "test_accuracy": 0.10096153616905212, "predict_time": 0.7095901966094971}, {"epochs": 1.0, "training_time": 6.077000141143799, "training_steps": 156, "train_accuracy": 0.19491185247898102, "validation_accuracy": 0.19931891560554504, "test_accuracy": 0.1953125, "predict_time": 0.6565470695495605}, {"epochs": 4.0, "training_time": 23.865999221801758, "training_steps": 625, "train_accuracy": 0.7199519276618958, "validation_accuracy": 0.7048277258872986, "test_accuracy": 0.6925080418586731, "predict_time": 0.6328072547912598}]}