{"trainable_params": 882570, "total_time": 226.68593192100525, "evaluation_results": [{"epochs": 0.0, "training_time": 0.0, "training_steps": 0, "train_accuracy": 0.10266426205635071, "validation_accuracy": 0.09755609184503555, "test_accuracy": 0.10006009787321091, "predict_time": 0.6638119220733643}, {"epochs": 1.0000000000008, "training_time": 6.0329999923706055, "training_steps": 156, "train_accuracy": 0.2163461595773697, "validation_accuracy": 0.21945111453533173, "test_accuracy": 0.21814903616905212, "predict_time": 0.6211380958557129}, {"epochs": 36.0, "training_time": 208.7830047607422, "training_steps": 5625, "train_accuracy": 0.9947916865348816, "validation_accuracy": 0.8747996687889099, "test_accuracy": 0.8687900900840759, "predict_time": 0.7134807109832764}]}