{"trainable_params": 1756298, "total_time": 154.97668981552124, "evaluation_results": [{"epochs": 0.0, "training_time": 0.0, "training_steps": 0, "train_accuracy": 0.09805689007043839, "validation_accuracy": 0.10226362198591232, "test_accuracy": 0.10016025602817535, "predict_time": 1.0140464305877686}, {"epochs": 1.0000000000008, "training_time": 10.741000175476074, "training_steps": 156, "train_accuracy": 0.10306490212678909, "validation_accuracy": 0.09805689007043839, "test_accuracy": 0.10016025602817535, "predict_time": 1.057847499847412}, {"epochs": 12.0, "training_time": 125.34099578857422, "training_steps": 1875, "train_accuracy": 0.8050881624221802, "validation_accuracy": 0.7576121687889099, "test_accuracy": 0.7478966116905212, "predict_time": 1.039001703262329}]}