{"trainable_params": 1756298, "total_time": 74.02311062812805, "evaluation_results": [{"epochs": 0.0, "training_time": 0.0, "training_steps": 0, "train_accuracy": 0.08433493226766586, "validation_accuracy": 0.07902644574642181, "test_accuracy": 0.08022836595773697, "predict_time": 1.0726642608642578}, {"epochs": 1.0, "training_time": 10.82699966430664, "training_steps": 156, "train_accuracy": 0.10296474397182465, "validation_accuracy": 0.0950520858168602, "test_accuracy": 0.09995993226766586, "predict_time": 1.0299224853515625}, {"epochs": 4.0, "training_time": 42.6609992980957, "training_steps": 625, "train_accuracy": 0.4266826808452606, "validation_accuracy": 0.42157453298568726, "test_accuracy": 0.4175681173801422, "predict_time": 1.065108299255371}]}