{"trainable_params": 1920138, "total_time": 63.47085094451904, "evaluation_results": [{"epochs": 0.0, "training_time": 0.0, "training_steps": 0, "train_accuracy": 0.12099359184503555, "validation_accuracy": 0.12269631773233414, "test_accuracy": 0.12229567021131516, "predict_time": 1.0209851264953613}, {"epochs": 1.0, "training_time": 9.14900016784668, "training_steps": 156, "train_accuracy": 0.22225560247898102, "validation_accuracy": 0.21624599397182465, "test_accuracy": 0.21814903616905212, "predict_time": 1.1137592792510986}, {"epochs": 4.0, "training_time": 35.78700256347656, "training_steps": 625, "train_accuracy": 0.39593347907066345, "validation_accuracy": 0.3708934187889099, "test_accuracy": 0.37840545177459717, "predict_time": 1.1241064071655273}]}