{"trainable_params": 1920138, "total_time": 132.8731780052185, "evaluation_results": [{"epochs": 0.0, "training_time": 0.0, "training_steps": 0, "train_accuracy": 0.11268028616905212, "validation_accuracy": 0.11949118226766586, "test_accuracy": 0.11758814007043839, "predict_time": 1.0038902759552002}, {"epochs": 1.0000000000008, "training_time": 9.095000267028809, "training_steps": 156, "train_accuracy": 0.13992388546466827, "validation_accuracy": 0.14463141560554504, "test_accuracy": 0.1432291716337204, "predict_time": 1.0232577323913574}, {"epochs": 12.0, "training_time": 105.45999908447266, "training_steps": 1875, "train_accuracy": 0.6994190812110901, "validation_accuracy": 0.672776460647583, "test_accuracy": 0.6650640964508057, "predict_time": 1.01432204246521}]}