{"trainable_params": 1756298, "total_time": 72.23518395423889, "evaluation_results": [{"epochs": 0.0, "training_time": 0.0, "training_steps": 0, "train_accuracy": 0.10246394574642181, "validation_accuracy": 0.09375, "test_accuracy": 0.09905849397182465, "predict_time": 1.0286552906036377}, {"epochs": 1.0, "training_time": 10.772000312805176, "training_steps": 156, "train_accuracy": 0.10296474397182465, "validation_accuracy": 0.0950520858168602, "test_accuracy": 0.10006009787321091, "predict_time": 1.109055519104004}, {"epochs": 4.0, "training_time": 42.457000732421875, "training_steps": 625, "train_accuracy": 0.3298277258872986, "validation_accuracy": 0.3337339758872986, "test_accuracy": 0.33603766560554504, "predict_time": 1.1379599571228027}]}