{"trainable_params": 2793866, "total_time": 96.200510263443, "evaluation_results": [{"epochs": 0.0, "training_time": 0.0, "training_steps": 0, "train_accuracy": 0.09364984184503555, "validation_accuracy": 0.10256410390138626, "test_accuracy": 0.09985977411270142, "predict_time": 1.4137461185455322}, {"epochs": 1.0, "training_time": 13.937000274658203, "training_steps": 156, "train_accuracy": 0.13902243971824646, "validation_accuracy": 0.14182692766189575, "test_accuracy": 0.1393229216337204, "predict_time": 1.5202150344848633}, {"epochs": 4.0, "training_time": 55.15399932861328, "training_steps": 625, "train_accuracy": 0.48387420177459717, "validation_accuracy": 0.45602965354919434, "test_accuracy": 0.4615384638309479, "predict_time": 1.5052943229675293}]}