{"trainable_params": 882570, "total_time": 36.62832856178284, "evaluation_results": [{"epochs": 0.0, "training_time": 0.0, "training_steps": 0, "train_accuracy": 0.10637019574642181, "validation_accuracy": 0.10787259787321091, "test_accuracy": 0.10316506773233414, "predict_time": 0.678250789642334}, {"epochs": 1.0, "training_time": 5.006999969482422, "training_steps": 156, "train_accuracy": 0.23557692766189575, "validation_accuracy": 0.23016826808452606, "test_accuracy": 0.23076923191547394, "predict_time": 0.6536054611206055}, {"epochs": 4.0, "training_time": 19.80299949645996, "training_steps": 625, "train_accuracy": 0.4624398946762085, "validation_accuracy": 0.4418068826198578, "test_accuracy": 0.44060495495796204, "predict_time": 0.6704516410827637}]}