{"trainable_params": 10177674, "total_time": 205.7852566242218, "evaluation_results": [{"epochs": 0.0, "training_time": 0.0, "training_steps": 0, "train_accuracy": 0.10426682978868484, "validation_accuracy": 0.10216346383094788, "test_accuracy": 0.10126201808452606, "predict_time": 1.319831371307373}, {"epochs": 1.0000000000008, "training_time": 14.439000129699707, "training_steps": 156, "train_accuracy": 0.2263621836900711, "validation_accuracy": 0.22596153616905212, "test_accuracy": 0.22946715354919434, "predict_time": 1.0508430004119873}, {"epochs": 12.0, "training_time": 170.95599365234375, "training_steps": 1875, "train_accuracy": 0.9360977411270142, "validation_accuracy": 0.8821113705635071, "test_accuracy": 0.8684895634651184, "predict_time": 1.0444743633270264}]}