{"trainable_params": 882570, "total_time": 54.874847650527954, "evaluation_results": [{"epochs": 0.0, "training_time": 0.0, "training_steps": 0, "train_accuracy": 0.09364984184503555, "validation_accuracy": 0.10276442021131516, "test_accuracy": 0.09975961595773697, "predict_time": 0.6869814395904541}, {"epochs": 1.0, "training_time": 4.9670000076293945, "training_steps": 156, "train_accuracy": 0.24749599397182465, "validation_accuracy": 0.24569310247898102, "test_accuracy": 0.24559295177459717, "predict_time": 0.634831428527832}, {"epochs": 8.0, "training_time": 38.22200012207031, "training_steps": 1250, "train_accuracy": 0.6945112347602844, "validation_accuracy": 0.6708734035491943, "test_accuracy": 0.664963960647583, "predict_time": 0.6129708290100098}]}