{"trainable_params": 882570, "total_time": 64.89134621620178, "evaluation_results": [{"epochs": 0.0, "training_time": 0.0, "training_steps": 0, "train_accuracy": 0.10296474397182465, "validation_accuracy": 0.09515224397182465, "test_accuracy": 0.10016025602817535, "predict_time": 0.7176299095153809}, {"epochs": 1.0, "training_time": 6.013999938964844, "training_steps": 156, "train_accuracy": 0.21173878014087677, "validation_accuracy": 0.21694710850715637, "test_accuracy": 0.21714743971824646, "predict_time": 0.6298995018005371}, {"epochs": 8.0, "training_time": 46.94099807739258, "training_steps": 1250, "train_accuracy": 0.827223539352417, "validation_accuracy": 0.7814503312110901, "test_accuracy": 0.7745392918586731, "predict_time": 0.6389284133911133}]}