{"trainable_params": 2793866, "total_time": 99.903160572052, "evaluation_results": [{"epochs": 0.0, "training_time": 0.0, "training_steps": 0, "train_accuracy": 0.10006009787321091, "validation_accuracy": 0.09965945780277252, "test_accuracy": 0.10016025602817535, "predict_time": 1.3815197944641113}, {"epochs": 1.0, "training_time": 13.82800006866455, "training_steps": 156, "train_accuracy": 0.17277644574642181, "validation_accuracy": 0.1755809336900711, "test_accuracy": 0.17588141560554504, "predict_time": 1.4129998683929443}, {"epochs": 4.0, "training_time": 54.534000396728516, "training_steps": 625, "train_accuracy": 0.44841745495796204, "validation_accuracy": 0.4253806173801422, "test_accuracy": 0.42628204822540283, "predict_time": 1.5057520866394043}]}