{"trainable_params": 11051402, "total_time": 126.45714068412781, "evaluation_results": [{"epochs": 0.0, "training_time": 0.0, "training_steps": 0, "train_accuracy": 0.10006009787321091, "validation_accuracy": 0.09965945780277252, "test_accuracy": 0.10016025602817535, "predict_time": 1.4258997440338135}, {"epochs": 1.0, "training_time": 19.427000045776367, "training_steps": 156, "train_accuracy": 0.09595352411270142, "validation_accuracy": 0.10016025602817535, "test_accuracy": 0.09445112198591232, "predict_time": 2.5200963020324707}, {"epochs": 4.0, "training_time": 77.49500274658203, "training_steps": 625, "train_accuracy": 0.6860977411270142, "validation_accuracy": 0.6678686141967773, "test_accuracy": 0.6646634340286255, "predict_time": 1.501481056213379}]}