{"trainable_params": 10177674, "total_time": 148.8887596130371, "evaluation_results": [{"epochs": 0.0, "training_time": 0.0, "training_steps": 0, "train_accuracy": 0.08293269574642181, "validation_accuracy": 0.0885416641831398, "test_accuracy": 0.08503605425357819, "predict_time": 1.3434443473815918}, {"epochs": 1.0, "training_time": 14.428999900817871, "training_steps": 156, "train_accuracy": 0.26292067766189575, "validation_accuracy": 0.26812902092933655, "test_accuracy": 0.26312097907066345, "predict_time": 1.0457844734191895}, {"epochs": 8.0, "training_time": 114.06200408935547, "training_steps": 1250, "train_accuracy": 0.8501602411270142, "validation_accuracy": 0.8141025900840759, "test_accuracy": 0.8048878312110901, "predict_time": 1.019596815109253}]}