{"trainable_params": 882570, "total_time": 41.63520526885986, "evaluation_results": [{"epochs": 0.0, "training_time": 0.0, "training_steps": 0, "train_accuracy": 0.10166265815496445, "validation_accuracy": 0.10176282376050949, "test_accuracy": 0.09985977411270142, "predict_time": 0.6744837760925293}, {"epochs": 1.0, "training_time": 6.051000118255615, "training_steps": 156, "train_accuracy": 0.19080528616905212, "validation_accuracy": 0.19260817766189575, "test_accuracy": 0.19411057233810425, "predict_time": 0.6667587757110596}, {"epochs": 4.0, "training_time": 23.655000686645508, "training_steps": 625, "train_accuracy": 0.696213960647583, "validation_accuracy": 0.6820913553237915, "test_accuracy": 0.6715745329856873, "predict_time": 0.6504478454589844}]}