{"trainable_params": 1920138, "total_time": 63.27336764335632, "evaluation_results": [{"epochs": 0.0, "training_time": 0.0, "training_steps": 0, "train_accuracy": 0.09364984184503555, "validation_accuracy": 0.10256410390138626, "test_accuracy": 0.09975961595773697, "predict_time": 1.0252549648284912}, {"epochs": 1.0, "training_time": 9.130000114440918, "training_steps": 156, "train_accuracy": 0.18559695780277252, "validation_accuracy": 0.1833934336900711, "test_accuracy": 0.18539664149284363, "predict_time": 1.0407207012176514}, {"epochs": 4.0, "training_time": 35.73400115966797, "training_steps": 625, "train_accuracy": 0.3932291567325592, "validation_accuracy": 0.37309694290161133, "test_accuracy": 0.37229567766189575, "predict_time": 1.0211153030395508}]}