{"trainable_params": 11051402, "total_time": 271.3051493167877, "evaluation_results": [{"epochs": 0.0, "training_time": 0.0, "training_steps": 0, "train_accuracy": 0.10616987198591232, "validation_accuracy": 0.10306490212678909, "test_accuracy": 0.10336538404226303, "predict_time": 1.408484697341919}, {"epochs": 1.0000000000008, "training_time": 19.198999404907227, "training_steps": 156, "train_accuracy": 0.09364984184503555, "validation_accuracy": 0.10256410390138626, "test_accuracy": 0.09985977411270142, "predict_time": 1.5270628929138184}, {"epochs": 12.0, "training_time": 226.32901000976562, "training_steps": 1875, "train_accuracy": 0.9277844429016113, "validation_accuracy": 0.8725961446762085, "test_accuracy": 0.8639823794364929, "predict_time": 1.4162569046020508}]}