{"trainable_params": 882570, "total_time": 38.07063269615173, "evaluation_results": [{"epochs": 0.0, "training_time": 0.0, "training_steps": 0, "train_accuracy": 0.10276442021131516, "validation_accuracy": 0.0950520858168602, "test_accuracy": 0.09955929219722748, "predict_time": 0.8267719745635986}, {"epochs": 1.0, "training_time": 5.248000144958496, "training_steps": 156, "train_accuracy": 0.31019631028175354, "validation_accuracy": 0.29607370495796204, "test_accuracy": 0.29887819290161133, "predict_time": 0.6325607299804688}, {"epochs": 4.0, "training_time": 19.9060001373291, "training_steps": 625, "train_accuracy": 0.5292468070983887, "validation_accuracy": 0.5127203464508057, "test_accuracy": 0.5089142918586731, "predict_time": 0.6192748546600342}]}