{"trainable_params": 1756298, "total_time": 1164.2251014709473, "evaluation_results": [{"epochs": 0.0, "training_time": 0.0, "training_steps": 0, "train_accuracy": 0.10296474397182465, "validation_accuracy": 0.0950520858168602, "test_accuracy": 0.10006009787321091, "predict_time": 1.040846347808838}, {"epochs": 1.0000000000044, "training_time": 10.791000366210938, "training_steps": 156, "train_accuracy": 0.09805689007043839, "validation_accuracy": 0.10226362198591232, "test_accuracy": 0.10016025602817535, "predict_time": 1.054311990737915}, {"epochs": 108.0, "training_time": 1134.0750732421875, "training_steps": 16875, "train_accuracy": 1.0, "validation_accuracy": 0.8868188858032227, "test_accuracy": 0.8795071840286255, "predict_time": 1.0908546447753906}]}