{"trainable_params": 10177674, "total_time": 203.50032997131348, "evaluation_results": [{"epochs": 0.0, "training_time": 0.0, "training_steps": 0, "train_accuracy": 0.10046073794364929, "validation_accuracy": 0.09775640815496445, "test_accuracy": 0.09985977411270142, "predict_time": 1.1133675575256348}, {"epochs": 1.0000000000008, "training_time": 14.425999641418457, "training_steps": 156, "train_accuracy": 0.1391225904226303, "validation_accuracy": 0.1417267620563507, "test_accuracy": 0.14112579822540283, "predict_time": 1.106238842010498}, {"epochs": 12.0, "training_time": 171.04998779296875, "training_steps": 1875, "train_accuracy": 0.9269831776618958, "validation_accuracy": 0.8720953464508057, "test_accuracy": 0.8639823794364929, "predict_time": 1.026890516281128}]}