{"trainable_params": 2793866, "total_time": 1487.353125333786, "evaluation_results": [{"epochs": 0.0, "training_time": 0.0, "training_steps": 0, "train_accuracy": 0.10266426205635071, "validation_accuracy": 0.10036057978868484, "test_accuracy": 0.09985977411270142, "predict_time": 1.5086894035339355}, {"epochs": 1.0000000000044, "training_time": 13.876999855041504, "training_steps": 156, "train_accuracy": 0.22726361453533173, "validation_accuracy": 0.2211538404226303, "test_accuracy": 0.22946715354919434, "predict_time": 1.4422831535339355}, {"epochs": 108.0, "training_time": 1447.409912109375, "training_steps": 16875, "train_accuracy": 0.9900841116905212, "validation_accuracy": 0.8371394276618958, "test_accuracy": 0.8397436141967773, "predict_time": 1.4019675254821777}]}