{"trainable_params": 1920138, "total_time": 969.3283798694611, "evaluation_results": [{"epochs": 0.0, "training_time": 0.0, "training_steps": 0, "train_accuracy": 0.09905849397182465, "validation_accuracy": 0.09735576808452606, "test_accuracy": 0.10086137801408768, "predict_time": 1.0473263263702393}, {"epochs": 1.0000000000044, "training_time": 9.13700008392334, "training_steps": 156, "train_accuracy": 0.11618589609861374, "validation_accuracy": 0.11137820780277252, "test_accuracy": 0.11448317021131516, "predict_time": 1.0471501350402832}, {"epochs": 108.0, "training_time": 941.77099609375, "training_steps": 16875, "train_accuracy": 0.9565304517745972, "validation_accuracy": 0.8214142918586731, "test_accuracy": 0.8192107081413269, "predict_time": 1.002429485321045}]}