{"trainable_params": 11051402, "total_time": 723.620099067688, "evaluation_results": [{"epochs": 0.0, "training_time": 0.0, "training_steps": 0, "train_accuracy": 0.10046073794364929, "validation_accuracy": 0.10136217623949051, "test_accuracy": 0.09995993226766586, "predict_time": 1.4411239624023438}, {"epochs": 1.0000000000008, "training_time": 19.232999801635742, "training_steps": 156, "train_accuracy": 0.10406650602817535, "validation_accuracy": 0.09615384787321091, "test_accuracy": 0.10246394574642181, "predict_time": 1.5879006385803223}, {"epochs": 36.0, "training_time": 678.5239868164062, "training_steps": 5625, "train_accuracy": 0.9988982081413269, "validation_accuracy": 0.9280849099159241, "test_accuracy": 0.9202724099159241, "predict_time": 1.4188966751098633}]}