{"trainable_params": 1756298, "total_time": 404.68319940567017, "evaluation_results": [{"epochs": 0.0, "training_time": 0.0, "training_steps": 0, "train_accuracy": 0.10306490212678909, "validation_accuracy": 0.09805689007043839, "test_accuracy": 0.10016025602817535, "predict_time": 1.0257320404052734}, {"epochs": 1.0000000000008, "training_time": 10.734999656677246, "training_steps": 156, "train_accuracy": 0.12479967623949051, "validation_accuracy": 0.12570111453533173, "test_accuracy": 0.12960736453533173, "predict_time": 1.0329182147979736}, {"epochs": 36.0, "training_time": 375.1919860839844, "training_steps": 5625, "train_accuracy": 0.9510216116905212, "validation_accuracy": 0.8442507982254028, "test_accuracy": 0.8308293223381042, "predict_time": 1.0382862091064453}]}