{"trainable_params": 10177674, "total_time": 92.69282793998718, "evaluation_results": [{"epochs": 0.0, "training_time": 0.0, "training_steps": 0, "train_accuracy": 0.09364984184503555, "validation_accuracy": 0.10256410390138626, "test_accuracy": 0.09985977411270142, "predict_time": 1.3275818824768066}, {"epochs": 1.0, "training_time": 14.501999855041504, "training_steps": 156, "train_accuracy": 0.16957131028175354, "validation_accuracy": 0.16856971383094788, "test_accuracy": 0.17117388546466827, "predict_time": 1.0825090408325195}, {"epochs": 4.0, "training_time": 57.54499816894531, "training_steps": 625, "train_accuracy": 0.43980368971824646, "validation_accuracy": 0.42998796701431274, "test_accuracy": 0.4261818826198578, "predict_time": 1.0258405208587646}]}