{"trainable_params": 11051402, "total_time": 196.49424481391907, "evaluation_results": [{"epochs": 0.0, "training_time": 0.0, "training_steps": 0, "train_accuracy": 0.09805689007043839, "validation_accuracy": 0.10226362198591232, "test_accuracy": 0.10016025602817535, "predict_time": 1.4130604267120361}, {"epochs": 1.0, "training_time": 19.180999755859375, "training_steps": 156, "train_accuracy": 0.10306490212678909, "validation_accuracy": 0.09805689007043839, "test_accuracy": 0.10016025602817535, "predict_time": 1.5499963760375977}, {"epochs": 8.0, "training_time": 151.43699645996094, "training_steps": 1250, "train_accuracy": 0.8358373641967773, "validation_accuracy": 0.8119992017745972, "test_accuracy": 0.8042868375778198, "predict_time": 1.4612746238708496}]}