{"trainable_params": 10177674, "total_time": 92.63104748725891, "evaluation_results": [{"epochs": 0.0, "training_time": 0.0, "training_steps": 0, "train_accuracy": 0.10596954822540283, "validation_accuracy": 0.10276442021131516, "test_accuracy": 0.10296474397182465, "predict_time": 1.3953840732574463}, {"epochs": 1.0, "training_time": 14.513999938964844, "training_steps": 156, "train_accuracy": 0.12069310992956161, "validation_accuracy": 0.11678685992956161, "test_accuracy": 0.11268028616905212, "predict_time": 1.0042204856872559}, {"epochs": 4.0, "training_time": 57.69900131225586, "training_steps": 625, "train_accuracy": 0.598557710647583, "validation_accuracy": 0.5900440812110901, "test_accuracy": 0.5831330418586731, "predict_time": 1.0301644802093506}]}