{"trainable_params": 1756298, "total_time": 154.9373230934143, "evaluation_results": [{"epochs": 0.0, "training_time": 0.0, "training_steps": 0, "train_accuracy": 0.09805689007043839, "validation_accuracy": 0.10226362198591232, "test_accuracy": 0.10016025602817535, "predict_time": 1.0460121631622314}, {"epochs": 1.0000000000008, "training_time": 10.777999877929688, "training_steps": 156, "train_accuracy": 0.10306490212678909, "validation_accuracy": 0.09515224397182465, "test_accuracy": 0.10016025602817535, "predict_time": 1.0216991901397705}, {"epochs": 12.0, "training_time": 125.48600006103516, "training_steps": 1875, "train_accuracy": 0.6918069124221802, "validation_accuracy": 0.6683694124221802, "test_accuracy": 0.6642628312110901, "predict_time": 1.0431644916534424}]}