{"trainable_params": 1920138, "total_time": 65.07361912727356, "evaluation_results": [{"epochs": 0.0, "training_time": 0.0, "training_steps": 0, "train_accuracy": 0.09775640815496445, "validation_accuracy": 0.10426682978868484, "test_accuracy": 0.10066105425357819, "predict_time": 1.0028488636016846}, {"epochs": 1.0, "training_time": 9.338000297546387, "training_steps": 156, "train_accuracy": 0.12409855425357819, "validation_accuracy": 0.12409855425357819, "test_accuracy": 0.12389823794364929, "predict_time": 1.0919766426086426}, {"epochs": 4.0, "training_time": 36.349998474121094, "training_steps": 625, "train_accuracy": 0.35236379504203796, "validation_accuracy": 0.34274840354919434, "test_accuracy": 0.34625402092933655, "predict_time": 1.0121424198150635}]}