{"trainable_params": 1920138, "total_time": 343.86563515663147, "evaluation_results": [{"epochs": 0.0, "training_time": 0.0, "training_steps": 0, "train_accuracy": 0.0638020858168602, "validation_accuracy": 0.06540464609861374, "test_accuracy": 0.06370192021131516, "predict_time": 1.120680570602417}, {"epochs": 1.0000000000008, "training_time": 9.097999572753906, "training_steps": 156, "train_accuracy": 0.16376201808452606, "validation_accuracy": 0.1705729216337204, "test_accuracy": 0.17257611453533173, "predict_time": 1.106818437576294}, {"epochs": 36.0, "training_time": 316.1470031738281, "training_steps": 5625, "train_accuracy": 0.8440504670143127, "validation_accuracy": 0.7781450152397156, "test_accuracy": 0.7763421535491943, "predict_time": 1.1265499591827393}]}