{"trainable_params": 10177674, "total_time": 543.8705551624298, "evaluation_results": [{"epochs": 0.0, "training_time": 0.0, "training_steps": 0, "train_accuracy": 0.09925881773233414, "validation_accuracy": 0.10326522588729858, "test_accuracy": 0.10236378014087677, "predict_time": 0.9960105419158936}, {"epochs": 1.0000000000008, "training_time": 14.45199966430664, "training_steps": 156, "train_accuracy": 0.14443108439445496, "validation_accuracy": 0.15635016560554504, "test_accuracy": 0.14913861453533173, "predict_time": 1.0243639945983887}, {"epochs": 36.0, "training_time": 511.3609924316406, "training_steps": 5625, "train_accuracy": 0.9996995329856873, "validation_accuracy": 0.9247796535491943, "test_accuracy": 0.9194711446762085, "predict_time": 1.0289421081542969}]}