{"trainable_params": 1920138, "total_time": 98.27353072166443, "evaluation_results": [{"epochs": 0.0, "training_time": 0.0, "training_steps": 0, "train_accuracy": 0.09104567021131516, "validation_accuracy": 0.09875801205635071, "test_accuracy": 0.09565304219722748, "predict_time": 1.1159358024597168}, {"epochs": 1.0, "training_time": 9.137999534606934, "training_steps": 156, "train_accuracy": 0.18219150602817535, "validation_accuracy": 0.17367789149284363, "test_accuracy": 0.18038861453533173, "predict_time": 1.1094598770141602}, {"epochs": 8.0, "training_time": 70.56800079345703, "training_steps": 1250, "train_accuracy": 0.5910456776618958, "validation_accuracy": 0.5760216116905212, "test_accuracy": 0.5670071840286255, "predict_time": 1.1069188117980957}]}