{"trainable_params": 11051402, "total_time": 121.28776407241821, "evaluation_results": [{"epochs": 0.0, "training_time": 0.0, "training_steps": 0, "train_accuracy": 0.09415064007043839, "validation_accuracy": 0.10196314007043839, "test_accuracy": 0.10106170177459717, "predict_time": 1.5353567600250244}, {"epochs": 1.0, "training_time": 19.26799964904785, "training_steps": 156, "train_accuracy": 0.12039262801408768, "validation_accuracy": 0.11969150602817535, "test_accuracy": 0.12319711595773697, "predict_time": 1.4613189697265625}, {"epochs": 4.0, "training_time": 76.45600128173828, "training_steps": 625, "train_accuracy": 0.6708734035491943, "validation_accuracy": 0.65625, "test_accuracy": 0.6530448794364929, "predict_time": 1.4142541885375977}]}