{"trainable_params": 882570, "total_time": 87.642085313797, "evaluation_results": [{"epochs": 0.0, "training_time": 0.0, "training_steps": 0, "train_accuracy": 0.09685496985912323, "validation_accuracy": 0.10006009787321091, "test_accuracy": 0.1002604141831398, "predict_time": 0.7122845649719238}, {"epochs": 1.0000000000008, "training_time": 6.007999897003174, "training_steps": 156, "train_accuracy": 0.21905048191547394, "validation_accuracy": 0.23086939752101898, "test_accuracy": 0.2263621836900711, "predict_time": 0.6482319831848145}, {"epochs": 12.0, "training_time": 69.7249984741211, "training_steps": 1875, "train_accuracy": 0.8834134340286255, "validation_accuracy": 0.8213140964508057, "test_accuracy": 0.8120993375778198, "predict_time": 0.6402907371520996}]}