{"trainable_params": 1756298, "total_time": 72.05516624450684, "evaluation_results": [{"epochs": 0.0, "training_time": 0.0, "training_steps": 0, "train_accuracy": 0.09805689007043839, "validation_accuracy": 0.10226362198591232, "test_accuracy": 0.10006009787321091, "predict_time": 1.0535087585449219}, {"epochs": 1.0, "training_time": 10.793000221252441, "training_steps": 156, "train_accuracy": 0.10166265815496445, "validation_accuracy": 0.10176282376050949, "test_accuracy": 0.09985977411270142, "predict_time": 1.037233829498291}, {"epochs": 4.0, "training_time": 42.39200210571289, "training_steps": 625, "train_accuracy": 0.5196313858032227, "validation_accuracy": 0.5206330418586731, "test_accuracy": 0.5149238705635071, "predict_time": 1.0351605415344238}]}