{"trainable_params": 10177674, "total_time": 90.08882999420166, "evaluation_results": [{"epochs": 0.0, "training_time": 0.0, "training_steps": 0, "train_accuracy": 0.10006009787321091, "validation_accuracy": 0.09965945780277252, "test_accuracy": 0.10016025602817535, "predict_time": 1.1385610103607178}, {"epochs": 1.0, "training_time": 14.479000091552734, "training_steps": 156, "train_accuracy": 0.17417868971824646, "validation_accuracy": 0.17938701808452606, "test_accuracy": 0.17748397588729858, "predict_time": 1.1423063278198242}, {"epochs": 4.0, "training_time": 57.46099853515625, "training_steps": 625, "train_accuracy": 0.5961538553237915, "validation_accuracy": 0.5831330418586731, "test_accuracy": 0.5776242017745972, "predict_time": 1.03204345703125}]}