{"trainable_params": 2793866, "total_time": 147.64137148857117, "evaluation_results": [{"epochs": 0.0, "training_time": 0.0, "training_steps": 0, "train_accuracy": 0.09364984184503555, "validation_accuracy": 0.10256410390138626, "test_accuracy": 0.09985977411270142, "predict_time": 1.406240463256836}, {"epochs": 1.0, "training_time": 13.869000434875488, "training_steps": 156, "train_accuracy": 0.1968149095773697, "validation_accuracy": 0.20512820780277252, "test_accuracy": 0.20112179219722748, "predict_time": 1.3704462051391602}, {"epochs": 8.0, "training_time": 107.97100067138672, "training_steps": 1250, "train_accuracy": 0.6412259340286255, "validation_accuracy": 0.6147836446762085, "test_accuracy": 0.6135817170143127, "predict_time": 1.5150251388549805}]}