{"trainable_params": 11051402, "total_time": 271.4250793457031, "evaluation_results": [{"epochs": 0.0, "training_time": 0.0, "training_steps": 0, "train_accuracy": 0.09985977411270142, "validation_accuracy": 0.09625400602817535, "test_accuracy": 0.09825721383094788, "predict_time": 1.4083423614501953}, {"epochs": 1.0000000000008, "training_time": 19.209999084472656, "training_steps": 156, "train_accuracy": 0.09725560992956161, "validation_accuracy": 0.10116185992956161, "test_accuracy": 0.10006009787321091, "predict_time": 1.5427627563476562}, {"epochs": 12.0, "training_time": 226.583984375, "training_steps": 1875, "train_accuracy": 0.9140625, "validation_accuracy": 0.8630809187889099, "test_accuracy": 0.8494591116905212, "predict_time": 1.4507036209106445}]}