{"trainable_params": 2793866, "total_time": 522.5741736888885, "evaluation_results": [{"epochs": 0.0, "training_time": 0.0, "training_steps": 0, "train_accuracy": 0.10146234184503555, "validation_accuracy": 0.09865785390138626, "test_accuracy": 0.09925881773233414, "predict_time": 1.394928216934204}, {"epochs": 1.0000000000008, "training_time": 13.802000045776367, "training_steps": 156, "train_accuracy": 0.1733774095773697, "validation_accuracy": 0.16796875, "test_accuracy": 0.16716746985912323, "predict_time": 1.3934719562530518}, {"epochs": 36.0, "training_time": 483.1100158691406, "training_steps": 5625, "train_accuracy": 0.8951321840286255, "validation_accuracy": 0.8077924847602844, "test_accuracy": 0.8035857081413269, "predict_time": 1.4853498935699463}]}