{"trainable_params": 2793866, "total_time": 201.13057661056519, "evaluation_results": [{"epochs": 0.0, "training_time": 0.0, "training_steps": 0, "train_accuracy": 0.10436698794364929, "validation_accuracy": 0.10176282376050949, "test_accuracy": 0.09955929219722748, "predict_time": 1.4206295013427734}, {"epochs": 1.0000000000008, "training_time": 13.880999565124512, "training_steps": 156, "train_accuracy": 0.20102164149284363, "validation_accuracy": 0.19851763546466827, "test_accuracy": 0.19931891560554504, "predict_time": 1.4023513793945312}, {"epochs": 12.0, "training_time": 161.3389892578125, "training_steps": 1875, "train_accuracy": 0.7131410241127014, "validation_accuracy": 0.6889022588729858, "test_accuracy": 0.6770833134651184, "predict_time": 1.4970972537994385}]}