{"trainable_params": 1920138, "total_time": 133.13119530677795, "evaluation_results": [{"epochs": 0.0, "training_time": 0.0, "training_steps": 0, "train_accuracy": 0.10036057978868484, "validation_accuracy": 0.09755609184503555, "test_accuracy": 0.09995993226766586, "predict_time": 1.0120508670806885}, {"epochs": 1.0000000000008, "training_time": 9.118000030517578, "training_steps": 156, "train_accuracy": 0.1588541716337204, "validation_accuracy": 0.15464743971824646, "test_accuracy": 0.15915465354919434, "predict_time": 0.9929816722869873}, {"epochs": 12.0, "training_time": 105.67599487304688, "training_steps": 1875, "train_accuracy": 0.7156450152397156, "validation_accuracy": 0.6915063858032227, "test_accuracy": 0.6882011294364929, "predict_time": 1.0378079414367676}]}