{"trainable_params": 1756298, "total_time": 72.08272242546082, "evaluation_results": [{"epochs": 0.0, "training_time": 0.0, "training_steps": 0, "train_accuracy": 0.09805689007043839, "validation_accuracy": 0.10246394574642181, "test_accuracy": 0.1028645858168602, "predict_time": 1.0136618614196777}, {"epochs": 1.0, "training_time": 10.803999900817871, "training_steps": 156, "train_accuracy": 0.10136217623949051, "validation_accuracy": 0.10516826808452606, "test_accuracy": 0.10386618226766586, "predict_time": 1.0434021949768066}, {"epochs": 4.0, "training_time": 42.45199966430664, "training_steps": 625, "train_accuracy": 0.4140625, "validation_accuracy": 0.4186698794364929, "test_accuracy": 0.41065704822540283, "predict_time": 1.069331407546997}]}