{"trainable_params": 2793866, "total_time": 94.42206621170044, "evaluation_results": [{"epochs": 0.0, "training_time": 0.0, "training_steps": 0, "train_accuracy": 0.08663862198591232, "validation_accuracy": 0.08223157376050949, "test_accuracy": 0.08383413404226303, "predict_time": 1.4774932861328125}, {"epochs": 1.0, "training_time": 13.920999526977539, "training_steps": 156, "train_accuracy": 0.1067708358168602, "validation_accuracy": 0.1028645858168602, "test_accuracy": 0.10647035390138626, "predict_time": 1.4172511100769043}, {"epochs": 4.0, "training_time": 54.709999084472656, "training_steps": 625, "train_accuracy": 0.49409055709838867, "validation_accuracy": 0.47215545177459717, "test_accuracy": 0.46864983439445496, "predict_time": 1.4017772674560547}]}