{"trainable_params": 882570, "total_time": 41.86322355270386, "evaluation_results": [{"epochs": 0.0, "training_time": 0.0, "training_steps": 0, "train_accuracy": 0.09715545177459717, "validation_accuracy": 0.10116185992956161, "test_accuracy": 0.10006009787321091, "predict_time": 0.6283435821533203}, {"epochs": 1.0, "training_time": 6.066999912261963, "training_steps": 156, "train_accuracy": 0.22836539149284363, "validation_accuracy": 0.22576121985912323, "test_accuracy": 0.23507611453533173, "predict_time": 0.6485223770141602}, {"epochs": 4.0, "training_time": 23.69099998474121, "training_steps": 625, "train_accuracy": 0.6877003312110901, "validation_accuracy": 0.6681690812110901, "test_accuracy": 0.6617588400840759, "predict_time": 0.7649524211883545}]}