{"trainable_params": 2793866, "total_time": 201.03208374977112, "evaluation_results": [{"epochs": 0.0, "training_time": 0.0, "training_steps": 0, "train_accuracy": 0.10306490212678909, "validation_accuracy": 0.09805689007043839, "test_accuracy": 0.10016025602817535, "predict_time": 1.406909465789795}, {"epochs": 1.0000000000008, "training_time": 13.86400032043457, "training_steps": 156, "train_accuracy": 0.12790465354919434, "validation_accuracy": 0.1197916641831398, "test_accuracy": 0.12359775602817535, "predict_time": 1.437617540359497}, {"epochs": 12.0, "training_time": 161.45199584960938, "training_steps": 1875, "train_accuracy": 0.7404847741127014, "validation_accuracy": 0.7084335088729858, "test_accuracy": 0.7014222741127014, "predict_time": 1.5472626686096191}]}