{"trainable_params": 2793866, "total_time": 147.34083914756775, "evaluation_results": [{"epochs": 0.0, "training_time": 0.0, "training_steps": 0, "train_accuracy": 0.09815704822540283, "validation_accuracy": 0.09965945780277252, "test_accuracy": 0.09795673191547394, "predict_time": 1.51177978515625}, {"epochs": 1.0, "training_time": 13.854999542236328, "training_steps": 156, "train_accuracy": 0.21083733439445496, "validation_accuracy": 0.20713141560554504, "test_accuracy": 0.20382611453533173, "predict_time": 1.411412000656128}, {"epochs": 8.0, "training_time": 108.00900268554688, "training_steps": 1250, "train_accuracy": 0.6222956776618958, "validation_accuracy": 0.6061698794364929, "test_accuracy": 0.6032652258872986, "predict_time": 1.3829658031463623}]}