{"trainable_params": 2793866, "total_time": 147.5969841480255, "evaluation_results": [{"epochs": 0.0, "training_time": 0.0, "training_steps": 0, "train_accuracy": 0.10046073794364929, "validation_accuracy": 0.10136217623949051, "test_accuracy": 0.09995993226766586, "predict_time": 1.4318492412567139}, {"epochs": 1.0, "training_time": 13.866999626159668, "training_steps": 156, "train_accuracy": 0.19180689752101898, "validation_accuracy": 0.18790064752101898, "test_accuracy": 0.19220753014087677, "predict_time": 1.3975369930267334}, {"epochs": 8.0, "training_time": 108.00899505615234, "training_steps": 1250, "train_accuracy": 0.6832932829856873, "validation_accuracy": 0.6635617017745972, "test_accuracy": 0.6589543223381042, "predict_time": 1.5244948863983154}]}