{"trainable_params": 10177674, "total_time": 1570.8499760627747, "evaluation_results": [{"epochs": 0.0, "training_time": 0.0, "training_steps": 0, "train_accuracy": 0.10046073794364929, "validation_accuracy": 0.10136217623949051, "test_accuracy": 0.09995993226766586, "predict_time": 1.3643763065338135}, {"epochs": 1.0000000000044, "training_time": 14.468000411987305, "training_steps": 156, "train_accuracy": 0.21434295177459717, "validation_accuracy": 0.20783253014087677, "test_accuracy": 0.21063701808452606, "predict_time": 1.060119390487671}, {"epochs": 108.0, "training_time": 1534.2030029296875, "training_steps": 16875, "train_accuracy": 1.0, "validation_accuracy": 0.9346955418586731, "test_accuracy": 0.9291867017745972, "predict_time": 1.0352790355682373}]}