{"trainable_params": 882570, "total_time": 226.0903124809265, "evaluation_results": [{"epochs": 0.0, "training_time": 0.0, "training_steps": 0, "train_accuracy": 0.10146234184503555, "validation_accuracy": 0.09525240212678909, "test_accuracy": 0.09875801205635071, "predict_time": 0.7017242908477783}, {"epochs": 1.0000000000008, "training_time": 6.0320000648498535, "training_steps": 156, "train_accuracy": 0.20973557233810425, "validation_accuracy": 0.21123798191547394, "test_accuracy": 0.21053685247898102, "predict_time": 0.6409363746643066}, {"epochs": 36.0, "training_time": 208.2209930419922, "training_steps": 5625, "train_accuracy": 0.9939903616905212, "validation_accuracy": 0.8688902258872986, "test_accuracy": 0.8670873641967773, "predict_time": 0.6289348602294922}]}