{"trainable_params": 882570, "total_time": 87.73063325881958, "evaluation_results": [{"epochs": 0.0, "training_time": 0.0, "training_steps": 0, "train_accuracy": 0.08393429219722748, "validation_accuracy": 0.08153045177459717, "test_accuracy": 0.08022836595773697, "predict_time": 0.7192463874816895}, {"epochs": 1.0000000000008, "training_time": 6.008999824523926, "training_steps": 156, "train_accuracy": 0.18149039149284363, "validation_accuracy": 0.18699920177459717, "test_accuracy": 0.18149039149284363, "predict_time": 0.6499114036560059}, {"epochs": 12.0, "training_time": 69.77400207519531, "training_steps": 1875, "train_accuracy": 0.8748998641967773, "validation_accuracy": 0.8142027258872986, "test_accuracy": 0.8123998641967773, "predict_time": 0.6560099124908447}]}