{"trainable_params": 882570, "total_time": 58.477112770080566, "evaluation_results": [{"epochs": 0.0, "training_time": 0.0, "training_steps": 0, "train_accuracy": 0.1304086595773697, "validation_accuracy": 0.12890625, "test_accuracy": 0.12550079822540283, "predict_time": 0.7378437519073486}, {"epochs": 1.0, "training_time": 5.051000118255615, "training_steps": 156, "train_accuracy": 0.22175480425357819, "validation_accuracy": 0.20352564752101898, "test_accuracy": 0.2135416716337204, "predict_time": 0.6179413795471191}, {"epochs": 8.0, "training_time": 38.23999786376953, "training_steps": 1250, "train_accuracy": 0.6690705418586731, "validation_accuracy": 0.6374198794364929, "test_accuracy": 0.6375200152397156, "predict_time": 0.6198279857635498}]}