{"trainable_params": 882570, "total_time": 187.30363130569458, "evaluation_results": [{"epochs": 0.0, "training_time": 0.0, "training_steps": 0, "train_accuracy": 0.10006009787321091, "validation_accuracy": 0.09965945780277252, "test_accuracy": 0.10016025602817535, "predict_time": 0.744516134262085}, {"epochs": 1.0000000000008, "training_time": 5.00600004196167, "training_steps": 156, "train_accuracy": 0.24779647588729858, "validation_accuracy": 0.23928284645080566, "test_accuracy": 0.24519230425357819, "predict_time": 0.6248373985290527}, {"epochs": 36.0, "training_time": 170.67999267578125, "training_steps": 5625, "train_accuracy": 0.8721955418586731, "validation_accuracy": 0.8040865659713745, "test_accuracy": 0.7975761294364929, "predict_time": 0.6269724369049072}]}