{"trainable_params": 882570, "total_time": 64.55660796165466, "evaluation_results": [{"epochs": 0.0, "training_time": 0.0, "training_steps": 0, "train_accuracy": 0.09465144574642181, "validation_accuracy": 0.09515224397182465, "test_accuracy": 0.09495192021131516, "predict_time": 0.7005455493927002}, {"epochs": 1.0, "training_time": 6.017000198364258, "training_steps": 156, "train_accuracy": 0.20152243971824646, "validation_accuracy": 0.2072315663099289, "test_accuracy": 0.20272435247898102, "predict_time": 0.6398501396179199}, {"epochs": 8.0, "training_time": 46.56700134277344, "training_steps": 1250, "train_accuracy": 0.8056890964508057, "validation_accuracy": 0.770432710647583, "test_accuracy": 0.7641226053237915, "predict_time": 0.6601135730743408}]}