{"trainable_params": 11051402, "total_time": 122.79033041000366, "evaluation_results": [{"epochs": 0.0, "training_time": 0.0, "training_steps": 0, "train_accuracy": 0.10166265815496445, "validation_accuracy": 0.10176282376050949, "test_accuracy": 0.09985977411270142, "predict_time": 1.417778730392456}, {"epochs": 1.0, "training_time": 19.474000930786133, "training_steps": 156, "train_accuracy": 0.10266426205635071, "validation_accuracy": 0.10046073794364929, "test_accuracy": 0.09985977411270142, "predict_time": 1.6562168598175049}, {"epochs": 4.0, "training_time": 76.90399932861328, "training_steps": 625, "train_accuracy": 0.38571715354919434, "validation_accuracy": 0.3856169879436493, "test_accuracy": 0.3747996687889099, "predict_time": 1.4692301750183105}]}