{"trainable_params": 882570, "total_time": 531.3651337623596, "evaluation_results": [{"epochs": 0.0, "training_time": 0.0, "training_steps": 0, "train_accuracy": 0.08663862198591232, "validation_accuracy": 0.09705528616905212, "test_accuracy": 0.09455128014087677, "predict_time": 0.7615644931793213}, {"epochs": 1.0000000000044, "training_time": 4.965000152587891, "training_steps": 156, "train_accuracy": 0.26482370495796204, "validation_accuracy": 0.25440704822540283, "test_accuracy": 0.25791266560554504, "predict_time": 0.6260421276092529}, {"epochs": 108.0, "training_time": 511.218994140625, "training_steps": 16875, "train_accuracy": 0.9797676205635071, "validation_accuracy": 0.8316305875778198, "test_accuracy": 0.8348357081413269, "predict_time": 0.5946009159088135}]}