{"trainable_params": 1756298, "total_time": 113.07442665100098, "evaluation_results": [{"epochs": 0.0, "training_time": 0.0, "training_steps": 0, "train_accuracy": 0.09715545177459717, "validation_accuracy": 0.10116185992956161, "test_accuracy": 0.10016025602817535, "predict_time": 1.0243983268737793}, {"epochs": 1.0, "training_time": 10.72700023651123, "training_steps": 156, "train_accuracy": 0.09865785390138626, "validation_accuracy": 0.08994390815496445, "test_accuracy": 0.0950520858168602, "predict_time": 1.036081075668335}, {"epochs": 8.0, "training_time": 83.70999908447266, "training_steps": 1250, "train_accuracy": 0.5406650900840759, "validation_accuracy": 0.5253405570983887, "test_accuracy": 0.5189303159713745, "predict_time": 1.0230746269226074}]}