{"trainable_params": 882570, "total_time": 45.590038537979126, "evaluation_results": [{"epochs": 0.0, "training_time": 0.0, "training_steps": 0, "train_accuracy": 0.10226362198591232, "validation_accuracy": 0.10406650602817535, "test_accuracy": 0.10306490212678909, "predict_time": 0.7599992752075195}, {"epochs": 1.0, "training_time": 5.992000102996826, "training_steps": 156, "train_accuracy": 0.15454727411270142, "validation_accuracy": 0.1666666716337204, "test_accuracy": 0.16245993971824646, "predict_time": 0.6294302940368652}, {"epochs": 4.0, "training_time": 23.676000595092773, "training_steps": 625, "train_accuracy": 0.6708734035491943, "validation_accuracy": 0.6556490659713745, "test_accuracy": 0.6522436141967773, "predict_time": 0.627777099609375}]}