{"trainable_params": 11051402, "total_time": 122.93371820449829, "evaluation_results": [{"epochs": 0.0, "training_time": 0.0, "training_steps": 0, "train_accuracy": 0.10166265815496445, "validation_accuracy": 0.10176282376050949, "test_accuracy": 0.09985977411270142, "predict_time": 1.5169525146484375}, {"epochs": 1.0, "training_time": 19.31599998474121, "training_steps": 156, "train_accuracy": 0.10276442021131516, "validation_accuracy": 0.10196314007043839, "test_accuracy": 0.10016025602817535, "predict_time": 1.4374587535858154}, {"epochs": 4.0, "training_time": 76.40699768066406, "training_steps": 625, "train_accuracy": 0.7272636294364929, "validation_accuracy": 0.7097355723381042, "test_accuracy": 0.7054286599159241, "predict_time": 1.4566707611083984}]}