{"trainable_params": 10177674, "total_time": 90.35274457931519, "evaluation_results": [{"epochs": 0.0, "training_time": 0.0, "training_steps": 0, "train_accuracy": 0.12680289149284363, "validation_accuracy": 0.12209535390138626, "test_accuracy": 0.12489984184503555, "predict_time": 1.022437334060669}, {"epochs": 1.0, "training_time": 14.482000350952148, "training_steps": 156, "train_accuracy": 0.21925079822540283, "validation_accuracy": 0.22576121985912323, "test_accuracy": 0.22385817766189575, "predict_time": 1.0186011791229248}, {"epochs": 4.0, "training_time": 57.842002868652344, "training_steps": 625, "train_accuracy": 0.6577523946762085, "validation_accuracy": 0.6580528616905212, "test_accuracy": 0.6483373641967773, "predict_time": 1.0483787059783936}]}