{"trainable_params": 882570, "total_time": 643.771886587143, "evaluation_results": [{"epochs": 0.0, "training_time": 0.0, "training_steps": 0, "train_accuracy": 0.09425079822540283, "validation_accuracy": 0.1028645858168602, "test_accuracy": 0.09985977411270142, "predict_time": 0.6403942108154297}, {"epochs": 1.0000000000044, "training_time": 6.056000232696533, "training_steps": 156, "train_accuracy": 0.19671474397182465, "validation_accuracy": 0.20893429219722748, "test_accuracy": 0.20152243971824646, "predict_time": 0.6266772747039795}, {"epochs": 108.0, "training_time": 625.6280517578125, "training_steps": 16875, "train_accuracy": 1.0, "validation_accuracy": 0.8851161599159241, "test_accuracy": 0.878004789352417, "predict_time": 0.7537732124328613}]}