{"trainable_params": 1756298, "total_time": 405.11792612075806, "evaluation_results": [{"epochs": 0.0, "training_time": 0.0, "training_steps": 0, "train_accuracy": 0.10246394574642181, "validation_accuracy": 0.09425079822540283, "test_accuracy": 0.09855769574642181, "predict_time": 1.0278029441833496}, {"epochs": 1.0000000000008, "training_time": 10.732000350952148, "training_steps": 156, "train_accuracy": 0.09585336595773697, "validation_accuracy": 0.09344951808452606, "test_accuracy": 0.08994390815496445, "predict_time": 1.0146148204803467}, {"epochs": 36.0, "training_time": 375.7330017089844, "training_steps": 5625, "train_accuracy": 0.9629406929016113, "validation_accuracy": 0.8375400900840759, "test_accuracy": 0.8328325152397156, "predict_time": 1.0306944847106934}]}