{"trainable_params": 1920138, "total_time": 342.8892750740051, "evaluation_results": [{"epochs": 0.0, "training_time": 0.0, "training_steps": 0, "train_accuracy": 0.09685496985912323, "validation_accuracy": 0.09805689007043839, "test_accuracy": 0.09375, "predict_time": 1.020524501800537}, {"epochs": 1.0000000000008, "training_time": 9.109000205993652, "training_steps": 156, "train_accuracy": 0.17287659645080566, "validation_accuracy": 0.15895432233810425, "test_accuracy": 0.1603565663099289, "predict_time": 1.0111334323883057}, {"epochs": 36.0, "training_time": 315.4850158691406, "training_steps": 5625, "train_accuracy": 0.8403445482254028, "validation_accuracy": 0.7816506624221802, "test_accuracy": 0.7799479365348816, "predict_time": 1.0034105777740479}]}