{"trainable_params": 11051402, "total_time": 271.8812847137451, "evaluation_results": [{"epochs": 0.0, "training_time": 0.0, "training_steps": 0, "train_accuracy": 0.09875801205635071, "validation_accuracy": 0.09985977411270142, "test_accuracy": 0.09865785390138626, "predict_time": 1.5146269798278809}, {"epochs": 1.0000000000008, "training_time": 19.215999603271484, "training_steps": 156, "train_accuracy": 0.10586939007043839, "validation_accuracy": 0.10226362198591232, "test_accuracy": 0.10516826808452606, "predict_time": 1.4521315097808838}, {"epochs": 12.0, "training_time": 226.77500915527344, "training_steps": 1875, "train_accuracy": 0.9251803159713745, "validation_accuracy": 0.8706930875778198, "test_accuracy": 0.8628805875778198, "predict_time": 1.4235410690307617}]}