{"trainable_params": 11051402, "total_time": 196.60245418548584, "evaluation_results": [{"epochs": 0.0, "training_time": 0.0, "training_steps": 0, "train_accuracy": 0.09364984184503555, "validation_accuracy": 0.10256410390138626, "test_accuracy": 0.09985977411270142, "predict_time": 1.5411272048950195}, {"epochs": 1.0, "training_time": 19.208999633789062, "training_steps": 156, "train_accuracy": 0.10176282376050949, "validation_accuracy": 0.10556890815496445, "test_accuracy": 0.10386618226766586, "predict_time": 1.465622901916504}, {"epochs": 8.0, "training_time": 151.58099365234375, "training_steps": 1250, "train_accuracy": 0.8425480723381042, "validation_accuracy": 0.8086938858032227, "test_accuracy": 0.7997796535491943, "predict_time": 1.4212148189544678}]}