{"trainable_params": 882570, "total_time": 36.11921668052673, "evaluation_results": [{"epochs": 0.0, "training_time": 0.0, "training_steps": 0, "train_accuracy": 0.10176282376050949, "validation_accuracy": 0.10566907376050949, "test_accuracy": 0.10186298191547394, "predict_time": 0.6918292045593262}, {"epochs": 1.0, "training_time": 5.004000186920166, "training_steps": 156, "train_accuracy": 0.2317708283662796, "validation_accuracy": 0.22796474397182465, "test_accuracy": 0.2315705120563507, "predict_time": 0.6232283115386963}, {"epochs": 4.0, "training_time": 19.437000274658203, "training_steps": 625, "train_accuracy": 0.4932892620563507, "validation_accuracy": 0.47756409645080566, "test_accuracy": 0.47966745495796204, "predict_time": 0.6230776309967041}]}