{"trainable_params": 1920138, "total_time": 133.5336835384369, "evaluation_results": [{"epochs": 0.0, "training_time": 0.0, "training_steps": 0, "train_accuracy": 0.10446714609861374, "validation_accuracy": 0.10356570780277252, "test_accuracy": 0.10066105425357819, "predict_time": 1.108870506286621}, {"epochs": 1.0000000000008, "training_time": 9.118000030517578, "training_steps": 156, "train_accuracy": 0.15625, "validation_accuracy": 0.1484375, "test_accuracy": 0.14493189752101898, "predict_time": 1.114720344543457}, {"epochs": 12.0, "training_time": 105.63999938964844, "training_steps": 1875, "train_accuracy": 0.7013221383094788, "validation_accuracy": 0.6812900900840759, "test_accuracy": 0.6696714758872986, "predict_time": 1.1346147060394287}]}