{"trainable_params": 10177674, "total_time": 203.2728877067566, "evaluation_results": [{"epochs": 0.0, "training_time": 0.0, "training_steps": 0, "train_accuracy": 0.10747195780277252, "validation_accuracy": 0.11017628014087677, "test_accuracy": 0.10797275602817535, "predict_time": 1.0259387493133545}, {"epochs": 1.0000000000008, "training_time": 14.413999557495117, "training_steps": 156, "train_accuracy": 0.17347756028175354, "validation_accuracy": 0.17888621985912323, "test_accuracy": 0.17778445780277252, "predict_time": 1.0316977500915527}, {"epochs": 12.0, "training_time": 170.97999572753906, "training_steps": 1875, "train_accuracy": 0.9253805875778198, "validation_accuracy": 0.8743990659713745, "test_accuracy": 0.8643830418586731, "predict_time": 1.036515474319458}]}