{"trainable_params": 882570, "total_time": 187.42467546463013, "evaluation_results": [{"epochs": 0.0, "training_time": 0.0, "training_steps": 0, "train_accuracy": 0.10466746985912323, "validation_accuracy": 0.10036057978868484, "test_accuracy": 0.10326522588729858, "predict_time": 0.6976950168609619}, {"epochs": 1.0000000000008, "training_time": 5.002999782562256, "training_steps": 156, "train_accuracy": 0.2600160241127014, "validation_accuracy": 0.2513020932674408, "test_accuracy": 0.2578125, "predict_time": 0.6401834487915039}, {"epochs": 36.0, "training_time": 170.74000549316406, "training_steps": 5625, "train_accuracy": 0.86328125, "validation_accuracy": 0.8038862347602844, "test_accuracy": 0.7994791865348816, "predict_time": 0.6323835849761963}]}