{"trainable_params": 1756298, "total_time": 72.43885779380798, "evaluation_results": [{"epochs": 0.0, "training_time": 0.0, "training_steps": 0, "train_accuracy": 0.1002604141831398, "validation_accuracy": 0.09775640815496445, "test_accuracy": 0.09985977411270142, "predict_time": 1.0272142887115479}, {"epochs": 1.0, "training_time": 10.807000160217285, "training_steps": 156, "train_accuracy": 0.1002604141831398, "validation_accuracy": 0.09775640815496445, "test_accuracy": 0.09985977411270142, "predict_time": 1.0305681228637695}, {"epochs": 4.0, "training_time": 42.46099853515625, "training_steps": 625, "train_accuracy": 0.4791666567325592, "validation_accuracy": 0.47856569290161133, "test_accuracy": 0.47165465354919434, "predict_time": 1.0405445098876953}]}