{"trainable_params": 1920138, "total_time": 63.141669511795044, "evaluation_results": [{"epochs": 0.0, "training_time": 0.0, "training_steps": 0, "train_accuracy": 0.11758814007043839, "validation_accuracy": 0.11738782376050949, "test_accuracy": 0.11578525602817535, "predict_time": 1.030717134475708}, {"epochs": 1.0, "training_time": 9.123000144958496, "training_steps": 156, "train_accuracy": 0.17608173191547394, "validation_accuracy": 0.16917067766189575, "test_accuracy": 0.17157451808452606, "predict_time": 1.0294532775878906}, {"epochs": 4.0, "training_time": 35.617000579833984, "training_steps": 625, "train_accuracy": 0.39272835850715637, "validation_accuracy": 0.3740985691547394, "test_accuracy": 0.3763020932674408, "predict_time": 0.9976420402526855}]}