{"trainable_params": 10177674, "total_time": 546.776260137558, "evaluation_results": [{"epochs": 0.0, "training_time": 0.0, "training_steps": 0, "train_accuracy": 0.10006009787321091, "validation_accuracy": 0.10126201808452606, "test_accuracy": 0.09995993226766586, "predict_time": 1.3394954204559326}, {"epochs": 1.0000000000008, "training_time": 14.451000213623047, "training_steps": 156, "train_accuracy": 0.19441105425357819, "validation_accuracy": 0.19080528616905212, "test_accuracy": 0.19821715354919434, "predict_time": 1.0627162456512451}, {"epochs": 36.0, "training_time": 512.1439819335938, "training_steps": 5625, "train_accuracy": 0.999098539352417, "validation_accuracy": 0.9272836446762085, "test_accuracy": 0.9138621687889099, "predict_time": 0.9986903667449951}]}