{"trainable_params": 1756298, "total_time": 155.17243313789368, "evaluation_results": [{"epochs": 0.0, "training_time": 0.0, "training_steps": 0, "train_accuracy": 0.10266426205635071, "validation_accuracy": 0.10036057978868484, "test_accuracy": 0.09985977411270142, "predict_time": 1.0210151672363281}, {"epochs": 1.0000000000008, "training_time": 10.74899959564209, "training_steps": 156, "train_accuracy": 0.10306490212678909, "validation_accuracy": 0.09805689007043839, "test_accuracy": 0.10016025602817535, "predict_time": 1.041365385055542}, {"epochs": 12.0, "training_time": 125.55000305175781, "training_steps": 1875, "train_accuracy": 0.782151460647583, "validation_accuracy": 0.7425881624221802, "test_accuracy": 0.7362780570983887, "predict_time": 1.0626652240753174}]}