{"trainable_params": 882570, "total_time": 77.21335506439209, "evaluation_results": [{"epochs": 0.0, "training_time": 0.0, "training_steps": 0, "train_accuracy": 0.1002604141831398, "validation_accuracy": 0.09775640815496445, "test_accuracy": 0.09985977411270142, "predict_time": 0.7667515277862549}, {"epochs": 1.0000000000008, "training_time": 5.013999938964844, "training_steps": 156, "train_accuracy": 0.25200319290161133, "validation_accuracy": 0.24659454822540283, "test_accuracy": 0.24639423191547394, "predict_time": 0.6375446319580078}, {"epochs": 12.0, "training_time": 56.97999954223633, "training_steps": 1875, "train_accuracy": 0.750901460647583, "validation_accuracy": 0.7213541865348816, "test_accuracy": 0.715745210647583, "predict_time": 0.6223349571228027}]}