{"trainable_params": 1920138, "total_time": 64.39315104484558, "evaluation_results": [{"epochs": 0.0, "training_time": 0.0, "training_steps": 0, "train_accuracy": 0.1080729141831398, "validation_accuracy": 0.10877403616905212, "test_accuracy": 0.10817307978868484, "predict_time": 0.994619607925415}, {"epochs": 1.0, "training_time": 9.201000213623047, "training_steps": 156, "train_accuracy": 0.1236979141831398, "validation_accuracy": 0.1197916641831398, "test_accuracy": 0.11949118226766586, "predict_time": 1.001206636428833}, {"epochs": 4.0, "training_time": 35.8489990234375, "training_steps": 625, "train_accuracy": 0.2660256326198578, "validation_accuracy": 0.2550080120563507, "test_accuracy": 0.26612579822540283, "predict_time": 0.9980854988098145}]}