{"trainable_params": 882570, "total_time": 227.2897024154663, "evaluation_results": [{"epochs": 0.0, "training_time": 0.0, "training_steps": 0, "train_accuracy": 0.10206329822540283, "validation_accuracy": 0.10887420177459717, "test_accuracy": 0.10687099397182465, "predict_time": 0.7057955265045166}, {"epochs": 1.0000000000008, "training_time": 6.0229997634887695, "training_steps": 156, "train_accuracy": 0.18950320780277252, "validation_accuracy": 0.19000400602817535, "test_accuracy": 0.1899038404226303, "predict_time": 0.6456027030944824}, {"epochs": 36.0, "training_time": 209.29998779296875, "training_steps": 5625, "train_accuracy": 0.9920873641967773, "validation_accuracy": 0.8695913553237915, "test_accuracy": 0.8630809187889099, "predict_time": 0.6433420181274414}]}