{"trainable_params": 1920138, "total_time": 342.55597019195557, "evaluation_results": [{"epochs": 0.0, "training_time": 0.0, "training_steps": 0, "train_accuracy": 0.08563701808452606, "validation_accuracy": 0.08453525602817535, "test_accuracy": 0.08473557978868484, "predict_time": 1.0096189975738525}, {"epochs": 1.0000000000008, "training_time": 9.12399959564209, "training_steps": 156, "train_accuracy": 0.14613381028175354, "validation_accuracy": 0.14292868971824646, "test_accuracy": 0.14443108439445496, "predict_time": 1.0212697982788086}, {"epochs": 36.0, "training_time": 315.1529846191406, "training_steps": 5625, "train_accuracy": 0.8375400900840759, "validation_accuracy": 0.7813501358032227, "test_accuracy": 0.7778445482254028, "predict_time": 1.0219550132751465}]}