{"trainable_params": 1756298, "total_time": 405.66674995422363, "evaluation_results": [{"epochs": 0.0, "training_time": 0.0, "training_steps": 0, "train_accuracy": 0.10266426205635071, "validation_accuracy": 0.10036057978868484, "test_accuracy": 0.09985977411270142, "predict_time": 1.0278730392456055}, {"epochs": 1.0000000000008, "training_time": 10.73900032043457, "training_steps": 156, "train_accuracy": 0.09805689007043839, "validation_accuracy": 0.10226362198591232, "test_accuracy": 0.10016025602817535, "predict_time": 1.0090227127075195}, {"epochs": 36.0, "training_time": 376.24700927734375, "training_steps": 5625, "train_accuracy": 0.9766626358032227, "validation_accuracy": 0.8603765964508057, "test_accuracy": 0.8561698794364929, "predict_time": 1.0350744724273682}]}