{"trainable_params": 11051402, "total_time": 725.2857136726379, "evaluation_results": [{"epochs": 0.0, "training_time": 0.0, "training_steps": 0, "train_accuracy": 0.10006009787321091, "validation_accuracy": 0.09965945780277252, "test_accuracy": 0.10016025602817535, "predict_time": 1.4156014919281006}, {"epochs": 1.0000000000008, "training_time": 19.235000610351562, "training_steps": 156, "train_accuracy": 0.09855769574642181, "validation_accuracy": 0.10236378014087677, "test_accuracy": 0.10126201808452606, "predict_time": 1.7739665508270264}, {"epochs": 36.0, "training_time": 679.5239868164062, "training_steps": 5625, "train_accuracy": 0.9977964758872986, "validation_accuracy": 0.9235777258872986, "test_accuracy": 0.9128605723381042, "predict_time": 1.4399757385253906}]}