{"trainable_params": 882570, "total_time": 73.81760692596436, "evaluation_results": [{"epochs": 0.0, "training_time": 0.0, "training_steps": 0, "train_accuracy": 0.08573717623949051, "validation_accuracy": 0.09395032376050949, "test_accuracy": 0.09304887801408768, "predict_time": 0.7394583225250244}, {"epochs": 1.0000000000008, "training_time": 5.00600004196167, "training_steps": 156, "train_accuracy": 0.2673277258872986, "validation_accuracy": 0.25991585850715637, "test_accuracy": 0.25661057233810425, "predict_time": 0.6261169910430908}, {"epochs": 12.0, "training_time": 57.194000244140625, "training_steps": 1875, "train_accuracy": 0.7510015964508057, "validation_accuracy": 0.7250601053237915, "test_accuracy": 0.7209535241127014, "predict_time": 0.6292757987976074}]}