{"trainable_params": 10177674, "total_time": 92.64938998222351, "evaluation_results": [{"epochs": 0.0, "training_time": 0.0, "training_steps": 0, "train_accuracy": 0.0989583358168602, "validation_accuracy": 0.09535256773233414, "test_accuracy": 0.0950520858168602, "predict_time": 1.3426952362060547}, {"epochs": 1.0, "training_time": 14.458000183105469, "training_steps": 156, "train_accuracy": 0.3324318826198578, "validation_accuracy": 0.33934295177459717, "test_accuracy": 0.3365384638309479, "predict_time": 1.0413603782653809}, {"epochs": 4.0, "training_time": 57.59299850463867, "training_steps": 625, "train_accuracy": 0.5591946840286255, "validation_accuracy": 0.5524839758872986, "test_accuracy": 0.5413661599159241, "predict_time": 1.0675036907196045}]}