{"trainable_params": 1756298, "total_time": 113.43596315383911, "evaluation_results": [{"epochs": 0.0, "training_time": 0.0, "training_steps": 0, "train_accuracy": 0.10316506773233414, "validation_accuracy": 0.09805689007043839, "test_accuracy": 0.10016025602817535, "predict_time": 1.0127930641174316}, {"epochs": 1.0, "training_time": 10.760000228881836, "training_steps": 156, "train_accuracy": 0.10046073794364929, "validation_accuracy": 0.10136217623949051, "test_accuracy": 0.09995993226766586, "predict_time": 1.0205981731414795}, {"epochs": 8.0, "training_time": 83.89099884033203, "training_steps": 1250, "train_accuracy": 0.6561498641967773, "validation_accuracy": 0.6357171535491943, "test_accuracy": 0.6302083134651184, "predict_time": 1.035033941268921}]}