{"trainable_params": 882570, "total_time": 87.58063173294067, "evaluation_results": [{"epochs": 0.0, "training_time": 0.0, "training_steps": 0, "train_accuracy": 0.10296474397182465, "validation_accuracy": 0.0950520858168602, "test_accuracy": 0.10006009787321091, "predict_time": 0.6510894298553467}, {"epochs": 1.0000000000008, "training_time": 6.021999835968018, "training_steps": 156, "train_accuracy": 0.1664663404226303, "validation_accuracy": 0.1692708283662796, "test_accuracy": 0.16526442766189575, "predict_time": 0.6438863277435303}, {"epochs": 12.0, "training_time": 69.64400482177734, "training_steps": 1875, "train_accuracy": 0.8792067170143127, "validation_accuracy": 0.8224158883094788, "test_accuracy": 0.8156049847602844, "predict_time": 0.7359724044799805}]}