{
  "trainable_params": 11051402,
  "total_time": 196.12016820907593,
  "evaluation_results": [
    {
      "epochs": 0.0,
      "training_time": 0.0,
      "training_steps": 0,
      "train_accuracy": 0.09805689007043839,
      "validation_accuracy": 0.10226362198591232,
      "test_accuracy": 0.10016025602817535,
      "predict_time": 1.427544355392456
    },
    {
      "epochs": 1.0,
      "training_time": 19.179000854492188,
      "training_steps": 156,
      "train_accuracy": 0.1015625,
      "validation_accuracy": 0.09535256773233414,
      "test_accuracy": 0.10086137801408768,
      "predict_time": 1.5675780773162842
    },
    {
      "epochs": 8.0,
      "training_time": 151.21600341796875,
      "training_steps": 1250,
      "train_accuracy": 0.8328325152397156,
      "validation_accuracy": 0.7999799847602844,
      "test_accuracy": 0.7907652258872986,
      "predict_time": 1.409825325012207
    }
  ]
}