{"trainable_params": 2793866, "total_time": 94.49520778656006, "evaluation_results": [{"epochs": 0.0, "training_time": 0.0, "training_steps": 0, "train_accuracy": 0.10006009787321091, "validation_accuracy": 0.09965945780277252, "test_accuracy": 0.10016025602817535, "predict_time": 1.4169352054595947}, {"epochs": 1.0, "training_time": 13.878000259399414, "training_steps": 156, "train_accuracy": 0.24769631028175354, "validation_accuracy": 0.24469150602817535, "test_accuracy": 0.24669471383094788, "predict_time": 1.4577157497406006}, {"epochs": 4.0, "training_time": 54.66100311279297, "training_steps": 625, "train_accuracy": 0.48908254504203796, "validation_accuracy": 0.4676482379436493, "test_accuracy": 0.4698517620563507, "predict_time": 1.5255029201507568}]}