{"trainable_params": 1756298, "total_time": 113.63720393180847, "evaluation_results": [{"epochs": 0.0, "training_time": 0.0, "training_steps": 0, "train_accuracy": 0.1002604141831398, "validation_accuracy": 0.09775640815496445, "test_accuracy": 0.09985977411270142, "predict_time": 1.0368669033050537}, {"epochs": 1.0, "training_time": 10.805000305175781, "training_steps": 156, "train_accuracy": 0.09715545177459717, "validation_accuracy": 0.10116185992956161, "test_accuracy": 0.10006009787321091, "predict_time": 1.0510766506195068}, {"epochs": 8.0, "training_time": 84.13500213623047, "training_steps": 1250, "train_accuracy": 0.6879006624221802, "validation_accuracy": 0.6661658883094788, "test_accuracy": 0.6460336446762085, "predict_time": 1.0470554828643799}]}