{"trainable_params": 10177674, "total_time": 90.43073415756226, "evaluation_results": [{"epochs": 0.0, "training_time": 0.0, "training_steps": 0, "train_accuracy": 0.10106170177459717, "validation_accuracy": 0.09925881773233414, "test_accuracy": 0.10216346383094788, "predict_time": 1.1370196342468262}, {"epochs": 1.0, "training_time": 14.51099967956543, "training_steps": 156, "train_accuracy": 0.15795272588729858, "validation_accuracy": 0.15825320780277252, "test_accuracy": 0.1521434336900711, "predict_time": 1.1335773468017578}, {"epochs": 4.0, "training_time": 57.625, "training_steps": 625, "train_accuracy": 0.4791666567325592, "validation_accuracy": 0.4709535241127014, "test_accuracy": 0.4756610691547394, "predict_time": 1.0307142734527588}]}