{"trainable_params": 882570, "total_time": 42.259368896484375, "evaluation_results": [{"epochs": 0.0, "training_time": 0.0, "training_steps": 0, "train_accuracy": 0.10296474397182465, "validation_accuracy": 0.10476762801408768, "test_accuracy": 0.10456730425357819, "predict_time": 0.7156994342803955}, {"epochs": 1.0, "training_time": 6.165999889373779, "training_steps": 156, "train_accuracy": 0.13701923191547394, "validation_accuracy": 0.13922275602817535, "test_accuracy": 0.13942307233810425, "predict_time": 0.6767570972442627}, {"epochs": 4.0, "training_time": 23.975000381469727, "training_steps": 625, "train_accuracy": 0.6903044581413269, "validation_accuracy": 0.6657652258872986, "test_accuracy": 0.6605569124221802, "predict_time": 0.6453795433044434}]}