{"trainable_params": 2793866, "total_time": 522.4565408229828, "evaluation_results": [{"epochs": 0.0, "training_time": 0.0, "training_steps": 0, "train_accuracy": 0.09364984184503555, "validation_accuracy": 0.10256410390138626, "test_accuracy": 0.09985977411270142, "predict_time": 1.4395782947540283}, {"epochs": 1.0000000000008, "training_time": 13.819000244140625, "training_steps": 156, "train_accuracy": 0.19881810247898102, "validation_accuracy": 0.20482772588729858, "test_accuracy": 0.20432692766189575, "predict_time": 1.4090266227722168}, {"epochs": 36.0, "training_time": 482.9880065917969, "training_steps": 5625, "train_accuracy": 0.8952323794364929, "validation_accuracy": 0.8087940812110901, "test_accuracy": 0.8050881624221802, "predict_time": 1.4834184646606445}]}