{"trainable_params": 11051402, "total_time": 731.7802891731262, "evaluation_results": [{"epochs": 0.0, "training_time": 0.0, "training_steps": 0, "train_accuracy": 0.10306490212678909, "validation_accuracy": 0.09805689007043839, "test_accuracy": 0.10016025602817535, "predict_time": 1.9931793212890625}, {"epochs": 1.0000000000008, "training_time": 19.13800048828125, "training_steps": 156, "train_accuracy": 0.10166265815496445, "validation_accuracy": 0.10176282376050949, "test_accuracy": 0.09985977411270142, "predict_time": 1.5618236064910889}, {"epochs": 36.0, "training_time": 679.85400390625, "training_steps": 5625, "train_accuracy": 0.9995993375778198, "validation_accuracy": 0.9219751358032227, "test_accuracy": 0.9164663553237915, "predict_time": 1.4566676616668701}]}