{"trainable_params": 1920138, "total_time": 65.04027056694031, "evaluation_results": [{"epochs": 0.0, "training_time": 0.0, "training_steps": 0, "train_accuracy": 0.10917467623949051, "validation_accuracy": 0.1080729141831398, "test_accuracy": 0.11087740212678909, "predict_time": 1.158796787261963}, {"epochs": 1.0, "training_time": 9.399999618530273, "training_steps": 156, "train_accuracy": 0.12670272588729858, "validation_accuracy": 0.12169471383094788, "test_accuracy": 0.12700320780277252, "predict_time": 1.2276525497436523}, {"epochs": 4.0, "training_time": 36.19300079345703, "training_steps": 625, "train_accuracy": 0.3279246687889099, "validation_accuracy": 0.3115985691547394, "test_accuracy": 0.31410256028175354, "predict_time": 1.1333162784576416}]}