{
  "trainable_params": 882570,
  "total_time": 39.96617293357849,
  "evaluation_results": [
    {
      "epochs": 0.0,
      "training_time": 0.0,
      "training_steps": 0,
      "train_accuracy": 0.10166265815496445,
      "validation_accuracy": 0.10176282376050949,
      "test_accuracy": 0.09985977411270142,
      "predict_time": 0.732058048248291
    },
    {
      "epochs": 1.0,
      "training_time": 4.980999946594238,
      "training_steps": 156,
      "train_accuracy": 0.24519230425357819,
      "validation_accuracy": 0.23768028616905212,
      "test_accuracy": 0.24098557233810425,
      "predict_time": 0.5874392986297607
    },
    {
      "epochs": 4.0,
      "training_time": 19.60099983215332,
      "training_steps": 625,
      "train_accuracy": 0.5149238705635071,
      "validation_accuracy": 0.4947916567325592,
      "test_accuracy": 0.49619391560554504,
      "predict_time": 0.6292672157287598
    }
  ]
}