{"trainable_params": 10177674, "total_time": 146.45285511016846, "evaluation_results": [{"epochs": 0.0, "training_time": 0.0, "training_steps": 0, "train_accuracy": 0.08944310992956161, "validation_accuracy": 0.0885416641831398, "test_accuracy": 0.08804086595773697, "predict_time": 1.0274827480316162}, {"epochs": 1.0, "training_time": 14.446000099182129, "training_steps": 156, "train_accuracy": 0.18910256028175354, "validation_accuracy": 0.18920272588729858, "test_accuracy": 0.18549679219722748, "predict_time": 1.0539474487304688}, {"epochs": 8.0, "training_time": 114.15499877929688, "training_steps": 1250, "train_accuracy": 0.8236178159713745, "validation_accuracy": 0.78515625, "test_accuracy": 0.7865585088729858, "predict_time": 1.0344045162200928}]}