{"trainable_params": 882570, "total_time": 73.79781603813171, "evaluation_results": [{"epochs": 0.0, "training_time": 0.0, "training_steps": 0, "train_accuracy": 0.09565304219722748, "validation_accuracy": 0.10236378014087677, "test_accuracy": 0.10046073794364929, "predict_time": 0.6909856796264648}, {"epochs": 1.0000000000008, "training_time": 4.999000072479248, "training_steps": 156, "train_accuracy": 0.2606169879436493, "validation_accuracy": 0.24449118971824646, "test_accuracy": 0.24489182233810425, "predict_time": 0.6127529144287109}, {"epochs": 12.0, "training_time": 57.268001556396484, "training_steps": 1875, "train_accuracy": 0.7566105723381042, "validation_accuracy": 0.7266626358032227, "test_accuracy": 0.7190504670143127, "predict_time": 0.6276235580444336}]}