{"trainable_params": 2793866, "total_time": 98.29106616973877, "evaluation_results": [{"epochs": 0.0, "training_time": 0.0, "training_steps": 0, "train_accuracy": 0.10046073794364929, "validation_accuracy": 0.10136217623949051, "test_accuracy": 0.09995993226766586, "predict_time": 1.454972267150879}, {"epochs": 1.0, "training_time": 13.99899959564209, "training_steps": 156, "train_accuracy": 0.18910256028175354, "validation_accuracy": 0.18429486453533173, "test_accuracy": 0.19210736453533173, "predict_time": 1.466881275177002}, {"epochs": 4.0, "training_time": 54.935001373291016, "training_steps": 625, "train_accuracy": 0.4635416567325592, "validation_accuracy": 0.4420072138309479, "test_accuracy": 0.44391027092933655, "predict_time": 1.5743844509124756}]}