{"trainable_params": 882570, "total_time": 41.884031772613525, "evaluation_results": [{"epochs": 0.0, "training_time": 0.0, "training_steps": 0, "train_accuracy": 0.10777243226766586, "validation_accuracy": 0.10436698794364929, "test_accuracy": 0.10637019574642181, "predict_time": 0.6294436454772949}, {"epochs": 1.0, "training_time": 6.064000129699707, "training_steps": 156, "train_accuracy": 0.26772835850715637, "validation_accuracy": 0.27534055709838867, "test_accuracy": 0.2641226053237915, "predict_time": 0.6284878253936768}, {"epochs": 4.0, "training_time": 23.750999450683594, "training_steps": 625, "train_accuracy": 0.6457331776618958, "validation_accuracy": 0.6295071840286255, "test_accuracy": 0.6281049847602844, "predict_time": 0.738206148147583}]}