{"trainable_params": 1756298, "total_time": 72.18058347702026, "evaluation_results": [{"epochs": 0.0, "training_time": 0.0, "training_steps": 0, "train_accuracy": 0.10306490212678909, "validation_accuracy": 0.09805689007043839, "test_accuracy": 0.10016025602817535, "predict_time": 1.0103952884674072}, {"epochs": 1.0, "training_time": 10.753000259399414, "training_steps": 156, "train_accuracy": 0.10306490212678909, "validation_accuracy": 0.09805689007043839, "test_accuracy": 0.10016025602817535, "predict_time": 1.0071725845336914}, {"epochs": 4.0, "training_time": 42.64699935913086, "training_steps": 625, "train_accuracy": 0.45412659645080566, "validation_accuracy": 0.4631410241127014, "test_accuracy": 0.4618389308452606, "predict_time": 1.0135068893432617}]}