{"trainable_params": 882570, "total_time": 64.74525308609009, "evaluation_results": [{"epochs": 0.0, "training_time": 0.0, "training_steps": 0, "train_accuracy": 0.10006009787321091, "validation_accuracy": 0.09975961595773697, "test_accuracy": 0.09995993226766586, "predict_time": 0.6249618530273438}, {"epochs": 1.0, "training_time": 6.015999794006348, "training_steps": 156, "train_accuracy": 0.1460336595773697, "validation_accuracy": 0.1471354216337204, "test_accuracy": 0.1460336595773697, "predict_time": 0.6296703815460205}, {"epochs": 8.0, "training_time": 46.79800033569336, "training_steps": 1250, "train_accuracy": 0.807692289352417, "validation_accuracy": 0.7733373641967773, "test_accuracy": 0.7638221383094788, "predict_time": 0.7257893085479736}]}