{"trainable_params": 10177674, "total_time": 546.87526679039, "evaluation_results": [{"epochs": 0.0, "training_time": 0.0, "training_steps": 0, "train_accuracy": 0.11007612198591232, "validation_accuracy": 0.11488381773233414, "test_accuracy": 0.1106770858168602, "predict_time": 1.1303472518920898}, {"epochs": 1.0000000000008, "training_time": 14.571000099182129, "training_steps": 156, "train_accuracy": 0.11989182978868484, "validation_accuracy": 0.12119390815496445, "test_accuracy": 0.12059295177459717, "predict_time": 1.144230604171753}, {"epochs": 36.0, "training_time": 514.2960205078125, "training_steps": 5625, "train_accuracy": 0.9993990659713745, "validation_accuracy": 0.9226762652397156, "test_accuracy": 0.9148637652397156, "predict_time": 1.008890151977539}]}