{"trainable_params": 882570, "total_time": 54.9261908531189, "evaluation_results": [{"epochs": 0.0, "training_time": 0.0, "training_steps": 0, "train_accuracy": 0.1002604141831398, "validation_accuracy": 0.10056089609861374, "test_accuracy": 0.09965945780277252, "predict_time": 0.7358560562133789}, {"epochs": 1.0, "training_time": 4.995999813079834, "training_steps": 156, "train_accuracy": 0.1886017620563507, "validation_accuracy": 0.18529647588729858, "test_accuracy": 0.18840144574642181, "predict_time": 0.6313521862030029}, {"epochs": 8.0, "training_time": 38.321998596191406, "training_steps": 1250, "train_accuracy": 0.6820913553237915, "validation_accuracy": 0.6616586446762085, "test_accuracy": 0.6632612347602844, "predict_time": 0.6413278579711914}]}