{"trainable_params": 1920138, "total_time": 98.050283908844, "evaluation_results": [{"epochs": 0.0, "training_time": 0.0, "training_steps": 0, "train_accuracy": 0.11187900602817535, "validation_accuracy": 0.10647035390138626, "test_accuracy": 0.11268028616905212, "predict_time": 1.0014913082122803}, {"epochs": 1.0, "training_time": 9.109000205993652, "training_steps": 156, "train_accuracy": 0.11889022588729858, "validation_accuracy": 0.11578525602817535, "test_accuracy": 0.11678685992956161, "predict_time": 1.020430564880371}, {"epochs": 8.0, "training_time": 70.70999908447266, "training_steps": 1250, "train_accuracy": 0.5690104365348816, "validation_accuracy": 0.5444711446762085, "test_accuracy": 0.5494791865348816, "predict_time": 1.018486738204956}]}