{"trainable_params": 882570, "total_time": 190.27595710754395, "evaluation_results": [{"epochs": 0.0, "training_time": 0.0, "training_steps": 0, "train_accuracy": 0.11738782376050949, "validation_accuracy": 0.10657051205635071, "test_accuracy": 0.10747195780277252, "predict_time": 0.7645554542541504}, {"epochs": 1.0000000000008, "training_time": 4.968999862670898, "training_steps": 156, "train_accuracy": 0.24669471383094788, "validation_accuracy": 0.23247195780277252, "test_accuracy": 0.23527644574642181, "predict_time": 0.6116251945495605}, {"epochs": 36.0, "training_time": 170.13699340820312, "training_steps": 5625, "train_accuracy": 0.8676882982254028, "validation_accuracy": 0.8066906929016113, "test_accuracy": 0.8023838400840759, "predict_time": 0.6229996681213379}]}