{"trainable_params": 2793866, "total_time": 200.7533528804779, "evaluation_results": [{"epochs": 0.0, "training_time": 0.0, "training_steps": 0, "train_accuracy": 0.11047676205635071, "validation_accuracy": 0.10526842623949051, "test_accuracy": 0.10827323794364929, "predict_time": 1.5148236751556396}, {"epochs": 1.0000000000008, "training_time": 13.857999801635742, "training_steps": 156, "train_accuracy": 0.25160256028175354, "validation_accuracy": 0.2526041567325592, "test_accuracy": 0.24779647588729858, "predict_time": 1.446624517440796}, {"epochs": 12.0, "training_time": 161.22100830078125, "training_steps": 1875, "train_accuracy": 0.725661039352417, "validation_accuracy": 0.6881009340286255, "test_accuracy": 0.6902043223381042, "predict_time": 1.410254955291748}]}