{"trainable_params": 1920138, "total_time": 97.82845640182495, "evaluation_results": [{"epochs": 0.0, "training_time": 0.0, "training_steps": 0, "train_accuracy": 0.07702323794364929, "validation_accuracy": 0.08363381773233414, "test_accuracy": 0.07992788404226303, "predict_time": 0.9992666244506836}, {"epochs": 1.0, "training_time": 9.097999572753906, "training_steps": 156, "train_accuracy": 0.19711539149284363, "validation_accuracy": 0.19461138546466827, "test_accuracy": 0.19721554219722748, "predict_time": 0.9910519123077393}, {"epochs": 8.0, "training_time": 70.572998046875, "training_steps": 1250, "train_accuracy": 0.6241987347602844, "validation_accuracy": 0.6131811141967773, "test_accuracy": 0.6092748641967773, "predict_time": 1.0206654071807861}]}