{"trainable_params": 882570, "total_time": 37.06835460662842, "evaluation_results": [{"epochs": 0.0, "training_time": 0.0, "training_steps": 0, "train_accuracy": 0.09565304219722748, "validation_accuracy": 0.10056089609861374, "test_accuracy": 0.09795673191547394, "predict_time": 0.7301456928253174}, {"epochs": 1.0, "training_time": 5.086999893188477, "training_steps": 156, "train_accuracy": 0.23237179219722748, "validation_accuracy": 0.23056891560554504, "test_accuracy": 0.22746394574642181, "predict_time": 0.65683913230896}, {"epochs": 4.0, "training_time": 19.86600112915039, "training_steps": 625, "train_accuracy": 0.44891828298568726, "validation_accuracy": 0.4281851053237915, "test_accuracy": 0.43539664149284363, "predict_time": 0.6384165287017822}]}