{"trainable_params": 11051402, "total_time": 121.50970959663391, "evaluation_results": [{"epochs": 0.0, "training_time": 0.0, "training_steps": 0, "train_accuracy": 0.10166265815496445, "validation_accuracy": 0.10176282376050949, "test_accuracy": 0.09985977411270142, "predict_time": 1.4158601760864258}, {"epochs": 1.0, "training_time": 19.18600082397461, "training_steps": 156, "train_accuracy": 0.09715545177459717, "validation_accuracy": 0.10146234184503555, "test_accuracy": 0.10036057978868484, "predict_time": 1.6361923217773438}, {"epochs": 4.0, "training_time": 76.44700622558594, "training_steps": 625, "train_accuracy": 0.5097155570983887, "validation_accuracy": 0.5066105723381042, "test_accuracy": 0.5062099099159241, "predict_time": 1.4277231693267822}]}